customer_id,churn
15782993,1
15640442,1
15606003,1
15672374,1
15630725,1
15812338,1
15622470,1
15690021,1
15777855,1
15577985,1
15619340,1
15683522,1
15594556,1
15708534,1
15733872,1
15572767,1
15594409,1
15573309,1
15595592,1
15604588,1
15749345,1
15792668,1
15654878,1
15664668,1
15598744,1
15625904,1
15697311,1
15681081,1
15644796,1
15617877,1
15709396,1
15767432,1
15703979,1
15570060,1
15579074,1
15590199,1
15772337,1
15787151,1
15794356,1
15752626,1
15659736,1
15795166,1
15569526,1
15576162,1
15592937,1
15812920,1
15744517,1
15618171,1
15611961,1
15703354,1
15590966,1
15700353,1
15615931,1
15807120,1
15714087,1
15646513,1
15726490,1
15572428,1
15607753,1
15736397,1
15690731,1
15612505,1
15628824,1
15780056,1
15814405,1
15691792,1
15641582,1
15773273,1
15619360,1
15613097,1
15774151,1
15815095,1
15566543,1
15613816,1
15699830,1
15643426,1
15718242,1
15595447,1
15612092,1
15662243,1
15682600,1
15803032,1
15769783,1
15769522,1
15779973,1
15681550,1
15680112,1
15715078,1
15723153,1
15605965,1
15644103,1
15694237,1
15757015,1
15600399,1
15765650,1
15642821,1
15600813,1
15782089,1
15765415,1
15806049,1
15684921,1
15614929,1
15668853,1
15812918,1
15696834,1
15565714,1
15594450,1
15788536,1
15598088,1
15749114,1
15794236,1
15766667,1
15786418,1
15716328,1
15776156,1
15622834,1
15668893,1
15677382,1
15680970,1
15702277,1
15640258,1
15677550,1
15613945,1
15640377,1
15750867,1
15734085,1
15727915,1
15767908,1
15608804,1
15724944,1
15668818,1
15629390,1
15606232,1
15808228,1
15749693,1
15656901,1
15796764,1
15814750,1
15605020,1
15698117,1
15698510,1
15698349,1
15748995,1
15753549,1
15723717,1
15766355,1
15665008,1
15662976,1
15604813,1
15621140,1
15783659,1
15747345,1
15682563,1
15798200,1
15788151,1
15805884,1
15783477,1
15607065,1
15735358,1
15611088,1
15584749,1
15751158,1
15808784,1
15798398,1
15762762,1
15720713,1
15800961,1
15617320,1
15678427,1
15597949,1
15579777,1
15753370,1
15737506,1
15648075,1
15679145,1
15664543,1
15578878,1
15801821,1
15649744,1
15625905,1
15769516,1
15772798,1
15571973,1
15715796,1
15790782,1
15606274,1
15622774,1
15754053,1
15806570,1
15789379,1
15697000,1
15721835,1
15762984,1
15787693,1
15571281,1
15700511,1
15620577,1
15589230,1
15781409,1
15757952,1
15648638,1
15778025,1
15807595,1
15791674,1
15772604,1
15721377,1
15804937,1
15695356,1
15575679,1
15572291,1
15714920,1
15756475,1
15621432,1
15761775,1
15680998,1
15696047,1
15731829,1
15595991,1
15723658,1
15664504,1
15603794,1
15666032,1
15718531,1
15614847,1
15773283,1
15682868,1
15699524,1
15651450,1
15594827,1
15697095,1
15700696,1
15641359,1
15601627,1
15624423,1
15800268,1
15570932,1
15780432,1
15655082,1
15808960,1
15777315,1
15607827,1
15661275,1
15601012,1
15729489,1
15685500,1
15576676,1
15694628,1
15697283,1
15603328,1
15601026,1
15792107,1
15727408,1
15662397,1
15755798,1
15777772,1
15811261,1
15712813,1
15700366,1
15740458,1
15640917,1
15802274,1
15718843,1
15782096,1
15792176,1
15790846,1
15745623,1
15771636,1
15730590,1
15689237,1
15731166,1
15732020,1
15653147,1
15654959,1
15579334,1
15783007,1
15709459,1
15619857,1
15732884,1
15758750,1
15720745,1
15666823,1
15650424,1
15734365,1
15789874,1
15629078,1
15584452,1
15692106,1
15750803,1
15792818,1
15666200,1
15615322,1
15603582,1
15728823,1
15631305,1
15632551,1
15694376,1
15603221,1
15579287,1
15592230,1
15624695,1
15783615,1
15635256,1
15593976,1
15598695,1
15701037,1
15778489,1
15676519,1
15641850,1
15809830,1
15706394,1
15771540,1
15656148,1
15602124,1
15791172,1
15767488,1
15764537,1
15720637,1
15665378,1
15633818,1
15683416,1
15759038,1
15611287,1
15613471,1
15605264,1
15732437,1
15808044,1
15698442,1
15576714,1
15662189,1
15599131,1
15570859,1
15634310,1
15611058,1
15705301,1
15775949,1
15585455,1
15601787,1
15797246,1
15659149,1
15750407,1
15708265,1
15679651,1
15585595,1
15766172,1
15682890,1
15703820,1
15716800,1
15790448,1
15663826,1
15571869,1
15618245,1
15674637,1
15792250,1
15600027,1
15784092,1
15700946,1
15806918,1
15715744,1
15748116,1
15590078,1
15583849,1
15806284,1
15733768,1
15807194,1
15674880,1
15734491,1
15686611,1
15691875,1
15697801,1
15588918,1
15684484,1
15694890,1
15590810,1
15793042,1
15684669,1
15680405,1
15735688,1
15684861,1
15693683,1
15690898,1
15730150,1
15723105,1
15810485,1
15801942,1
15732448,1
15571958,1
15606552,1
15586699,1
15691703,1
15737782,1
15686917,1
15812071,1
15734005,1
15749093,1
15710543,1
15600708,1
15576185,1
15709523,1
15610379,1
15602551,1
15664793,1
15673837,1
15622003,1
15801411,1
15669606,1
15630413,1
15697574,1
15571917,1
15616630,1
15745375,1
15729110,1
15699257,1
15800482,1
15567834,1
15653455,1
15653275,1
15692226,1
15812356,1
15579112,1
15716357,1
15807163,1
15611579,1
15594902,1
15726791,1
15808662,1
15777639,1
15660809,1
15789865,1
15654341,1
15625675,1
15570931,1
15635776,1
15664555,1
15616471,1
15655229,1
15701175,1
15762392,1
15737385,1
15607577,1
15665087,1
15570857,1
15709136,1
15798964,1
15607509,1
15640454,1
15726167,1
15775886,1
15774847,1
15794874,1
15657809,1
15687001,1
15770539,1
15689344,1
15616676,1
15700325,1
15679693,1
15674840,1
15797595,1
15586870,1
15642063,1
15746970,1
15662426,1
15749300,1
15707567,1
15782475,1
15737741,1
15627801,1
15754177,1
15679024,1
15606472,1
15735330,1
15675964,1
15811762,1
15743076,1
15616029,1
15679283,1
15630910,1
15792916,1
15593331,1
15784010,1
15751177,1
15764448,1
15653762,1
15809772,1
15624397,1
15587394,1
15672594,1
15764405,1
15727041,1
15771668,1
15749964,1
15773520,1
15644297,1
15804864,1
15813067,1
15786852,1
15679410,1
15693732,1
15720083,1
15700714,1
15601324,1
15757759,1
15598266,1
15670738,1
15743538,1
15574122,1
15756118,1
15608701,1
15745399,1
15793324,1
15786035,1
15594305,1
15757916,1
15799350,1
15773973,1
15622192,1
15610271,1
15777599,1
15717065,1
15708916,1
15726556,1
15794345,1
15806922,1
15729412,1
15754999,1
15620268,1
15566708,1
15643359,1
15675888,1
15663830,1
15622658,1
15654074,1
15658987,1
15712777,1
15689168,1
15676810,1
15662662,1
15677020,1
15581295,1
15585036,1
15743582,1
15680706,1
15578546,1
15707696,1
15747174,1
15767781,1
15732265,1
15716984,1
15762218,1
15612050,1
15694644,1
15709920,1
15787168,1
15609510,1
15755521,1
15667458,1
15578462,1
15802478,1
15755084,1
15600583,1
15702631,1
15682773,1
15632263,1
15591986,1
15595388,1
15759690,1
15585067,1
15586522,1
15650351,1
15654106,1
15599268,1
15611186,1
15732644,1
15678571,1
15739997,1
15743040,1
15715184,1
15756804,1
15746737,1
15645184,1
15787255,1
15641575,1
15626578,1
15658589,1
15762110,1
15809124,1
15678916,1
15566312,1
15714680,1
15618213,1
15576094,1
15605000,1
15708003,1
15778830,1
15684592,1
15601045,1
15572706,1
15653037,1
15567333,1
15600934,1
15663164,1
15793813,1
15762123,1
15812594,1
15793491,1
15605534,1
15652626,1
15749679,1
15699532,1
15645463,1
15600879,1
15625395,1
15697034,1
15698522,1
15805429,1
15589195,1
15750769,1
15646366,1
15575605,1
15687477,1
15632345,1
15578825,1
15682070,1
15731890,1
15688849,1
15695932,1
15627298,1
15689268,1
15774393,1
15603594,1
15722813,1
15623791,1
15570417,1
15743759,1
15797276,1
15787459,1
15620204,1
15627305,1
15641715,1
15664734,1
15635500,1
15646756,1
15748947,1
15566380,1
15680278,1
15662152,1
15791326,1
15636454,1
15809817,1
15703199,1
15631054,1
15742126,1
15630551,1
15623314,1
15665221,1
15797960,1
15612615,1
15778320,1
15730810,1
15668385,1
15634772,1
15653784,1
15579826,1
15641835,1
15719940,1
15772073,1
15730488,1
15762091,1
15691950,1
15719170,1
15786643,1
15794560,1
15756321,1
15751561,1
15678497,1
15584477,1
15570601,1
15749583,1
15760521,1
15720050,1
15587640,1
15694860,1
15806081,1
15742229,1
15783865,1
15683560,1
15768367,1
15736420,1
15696674,1
15608338,1
15576641,1
15709780,1
15696361,1
15790489,1
15786539,1
15614520,1
15757559,1
15689201,1
15726403,1
15699309,1
15772262,1
15633233,1
15603436,1
15585985,1
15658889,1
15587233,1
15612627,1
15742210,1
15572792,1
15612193,1
15732778,1
15633870,1
15625592,1
15774382,1
15669301,1
15626710,1
15609458,1
15643024,1
15652401,1
15623730,1
15611699,1
15746333,1
15734438,1
15632324,1
15585490,1
15715750,1
15634719,1
15745843,1
15674573,1
15741180,1
15567446,1
15666163,1
15814468,1
15796617,1
15770543,1
15601263,1
15730830,1
15714046,1
15611409,1
15609735,1
15612139,1
15626898,1
15709252,1
15769586,1
15774164,1
15637315,1
15809823,1
15652835,1
15619616,1
15709487,1
15668774,1
15654025,1
15683124,1
15719294,1
15736154,1
15650442,1
15580914,1
15586821,1
15600337,1
15791769,1
15756299,1
15716781,1
15711921,1
15712596,1
15592765,1
15672640,1
15703059,1
15565796,1
15690372,1
15689328,1
15715047,1
15683118,1
15604891,1
15738063,1
15679075,1
15623277,1
15642448,1
15675316,1
15775888,1
15579433,1
15653547,1
15595766,1
15639217,1
15578374,1
15747878,1
15750497,1
15814092,1
15752846,1
15658409,1
15799479,1
15737051,1
15630349,1
15670528,1
15771728,1
15713770,1
15813850,1
15645835,1
15791700,1
15731026,1
15583303,1
15686974,1
15632848,1
15642710,1
15667871,1
15580953,1
15627484,1
15590676,1
15674811,1
15751180,1
15785705,1
15740104,1
15684696,1
15753831,1
15709441,1
15633181,1
15723013,1
15730738,1
15603764,1
15592386,1
15806230,1
15605916,1
15721189,1
15587038,1
15611729,1
15720636,1
15624641,1
15609704,1
15623560,1
15656921,1
15582168,1
15635240,1
15660147,1
15678146,1
15815534,1
15639314,1
15768219,1
15677522,1
15723263,1
15665678,1
15710316,1
15755178,1
15636330,1
15626212,1
15696054,1
15656029,1
15675896,1
15808386,1
15613085,1
15759555,1
15657306,1
15581811,1
15656710,1
15754105,1
15755722,1
15730448,1
15790717,1
15810716,1
15745354,1
15608588,1
15674671,1
15789974,1
15703037,1
15577587,1
15635285,1
15708791,1
15799652,1
15667521,1
15626475,1
15616954,1
15645904,1
15797065,1
15772421,1
15756625,1
15732113,1
15770121,1
15686436,1
15581280,1
15607690,1
15575185,1
15600975,1
15785485,1
15584453,1
15606641,1
15798615,1
15716085,1
15740868,1
15807609,1
15673907,1
15600739,1
15590730,1
15616929,1
15666884,1
15681476,1
15697310,1
15648858,1
15748616,1
15794841,1
15773639,1
15637891,1
15611331,1
15566111,1
15573456,1
15760570,1
15737452,1
15740428,1
15751943,1
15630920,1
15572461,1
15655389,1
15608109,1
15616700,1
15765461,1
15734588,1
15571778,1
15760825,1
15664035,1
15673747,1
15649150,1
15670552,1
15670859,1
15757912,1
15651664,1
15673971,1
15801701,1
15680201,1
15578648,1
15757981,1
15691287,1
15710366,1
15687218,1
15627377,1
15772632,1
15669282,1
15658475,1
15592123,1
15613786,1
15680772,1
15677117,1
15582903,1
15801351,1
15777743,1
15651900,1
15625311,1
15792679,1
15651001,1
15732917,1
15776743,1
15724402,1
15729804,1
15642041,1
15664897,1
15712772,1
15769356,1
15611669,1
15733597,1
15684358,1
15708256,1
15801265,1
15627848,1
15628144,1
15588341,1
15659234,1
15636700,1
15585599,1
15699492,1
15610643,1
15785042,1
15636238,1
15677141,1
15584364,1
15801247,1
15650454,1
15755241,1
15614054,1
15619932,1
15566494,1
15677921,1
15752694,1
15569867,1
15604497,1
15701200,1
15805627,1
15621457,1
15630113,1
15787051,1
15813504,1
15705448,1
15791972,1
15757632,1
15747807,1
15721487,1
15617982,1
15811842,1
15804853,1
15805104,1
15571550,1
15786469,1
15664720,1
15607170,1
15661433,1
15646372,1
15663194,1
15637118,1
15785519,1
15598700,1
15679968,1
15814032,1
15718912,1
15684908,1
15781505,1
15792180,1
15757568,1
15732672,1
15747960,1
15596972,1
15626322,1
15615456,1
15688973,1
15720649,1
15752097,1
15598157,1
15629793,1
15598097,1
15625713,1
15675190,1
15707681,1
15626679,1
15659100,1
15775703,1
15596339,1
15766869,1
15634373,1
15637593,1
15623107,1
15714355,1
15713479,1
15654891,1
15630580,1
15671917,1
15672798,1
15610403,1
15642248,1
15772528,1
15592222,1
15776223,1
15703541,1
15677785,1
15593897,1
15677939,1
15636812,1
15724269,1
15781451,1
15578722,1
15804142,1
15728010,1
15624677,1
15731267,1
15764226,1
15679760,1
15696120,1
15621653,1
15706464,1
15663168,1
15645103,1
15648069,1
15623647,1
15598086,1
15640855,1
15712483,1
15743293,1
15764866,1
15681991,1
15704160,1
15706899,1
15785488,1
15712930,1
15764153,1
15664808,1
15646969,1
15656188,1
15692664,1
15707473,1
15627876,1
15736769,1
15615219,1
15587311,1
15615050,1
15813862,1
15716347,1
15682928,1
15595917,1
15761713,1
15583857,1
15715638,1
15702416,1
15654975,1
15689671,1
15586752,1
15776936,1
15702541,1
15785339,1
15759717,1
15701537,1
15795370,1
15765375,1
15726103,1
15634143,1
15668521,1
15589715,1
15573893,1
15639662,1
15775153,1
15597951,1
15698732,1
15670080,1
15742009,1
15598940,1
15641110,1
15596175,1
15587266,1
15808283,1
15779522,1
15635775,1
15764892,1
15692761,1
15796179,1
15673481,1
15623450,1
15727811,1
15733361,1
15700854,1
15632446,1
15574879,1
15745201,1
15569670,1
15571193,1
15625623,1
15626383,1
15627185,1
15626044,1
15577359,1
15745844,1
15754112,1
15594404,1
15652999,1
15577107,1
15671514,1
15770984,1
15756848,1
15626474,1
15567486,1
15771417,1
15751531,1
15787196,1
15628007,1
15758482,1
15655274,1
15694129,1
15589435,1
15645543,1
15715673,1
15651868,1
15792029,1
15807563,1
15703544,1
15703264,1
15626144,1
15795759,1
15580493,1
15745088,1
15742848,1
15674000,1
15609913,1
15769402,1
15734987,1
15581871,1
15815295,1
15566467,1
15636626,1
15711540,1
15574119,1
15610557,1
15646566,1
15682686,1
15676576,1
15603135,1
15785559,1
15737025,1
15814816,1
15673619,1
15802351,1
15718673,1
15568088,1
15715920,1
15635660,1
15740237,1
15642636,1
15682273,1
15615207,1
15624186,1
15768244,1
15712608,1
15745431,1
15790630,1
15684348,1
15574830,1
15727251,1
15744044,1
15596228,1
15790744,1
15661219,1
15696175,1
15657937,1
15765857,1
15605263,1
15773809,1
15764708,1
15721779,1
15804201,1
15812518,1
15766288,1
15721462,1
15645839,1
15645316,1
15760774,1
15746515,1
15787907,1
15580872,1
15693752,1
15759751,1
15645778,1
15589329,1
15753092,1
15604732,1
15714380,1
15768201,1
15617065,1
15796413,1
15613749,1
15771483,1
15712403,1
15803681,1
15685536,1
15750658,1
15617134,1
15719508,1
15567437,1
15739548,1
15646091,1
15566495,1
15727197,1
15759034,1
15677739,1
15664547,1
15808689,1
15785170,1
15625698,1
15737647,1
15760063,1
15697948,1
15621768,1
15758136,1
15708228,1
15654457,1
15724620,1
15725028,1
15623219,1
15601387,1
15575510,1
15610446,1
15633866,1
15702434,1
15790412,1
15711251,1
15635116,1
15644896,1
15597109,1
15632365,1
15681755,1
15590993,1
15666095,1
15736413,1
15588219,1
15596074,1
15781530,1
15769353,1
15590337,1
15707441,1
15733460,1
15608688,1
15731815,1
15654183,1
15771750,1
15698932,1
15658435,1
15679928,1
15785831,1
15684319,1
15783629,1
15578045,1
15621004,1
15704657,1
15777830,1
15677796,1
15572547,1
15749947,1
15737173,1
15713949,1
15651369,1
15659175,1
15800233,1
15733138,1
15636428,1
15765257,1
15585892,1
15752622,1
15796334,1
15775761,1
15641640,1
15713559,1
15603247,1
15799785,1
15608344,1
15680736,1
15726631,1
15613292,1
15627232,1
15613216,1
15718765,1
15775295,1
15691111,1
15814237,1
15626612,1
15647008,1
15718247,1
15727467,1
15672467,1
15731744,1
15769902,1
15809777,1
15760450,1
15664737,1
15643908,1
15661626,1
15650924,1
15656249,1
15566292,1
15718465,1
15612670,1
15635893,1
15666982,1
15566139,1
15712199,1
15787258,1
15760121,1
15655339,1
15635388,1
15577695,1
15647306,1
15617301,1
15711316,1
15660840,1
15678058,1
15656937,1
15814116,1
15605059,1
15602354,1
15638983,1
15593795,1
15780140,1
15671930,1
15601417,1
15722692,1
15742824,1
15569595,1
15591279,1
15790958,1
15761886,1
15568878,1
15652615,1
15638272,1
15797692,1
15707637,1
15660422,1
15789097,1
15787699,1
15627881,1
15607598,1
15748360,1
15794849,1
15665861,1
15706186,1
15650026,1
15669169,1
15641009,1
15633546,1
15799710,1
15568164,1
15625916,1
15646161,1
15791535,1
15578603,1
15727281,1
15672598,1
15672970,1
15611644,1
15587133,1
15752857,1
15609669,1
15566689,1
15743498,1
15672432,1
15653620,1
15795640,1
15773421,1
15714642,1
15768471,1
15726289,1
15709604,1
15784286,1
15799217,1
15692463,1
15603319,1
15631339,1
15728012,1
15608381,1
15706762,1
15807728,1
15585777,1
15693326,1
15686255,1
15607560,1
15742204,1
15642093,1
15579183,1
15637829,1
15582960,1
15624451,1
15691483,1
15584928,1
15568360,1
15751057,1
15751392,1
15759537,1
15579207,1
15702464,1
15786063,1
15694765,1
15621685,1
15783338,1
15814004,1
15694272,1
15815428,1
15653937,1
15582180,1
15782758,1
15780359,1
15686812,1
15744983,1
15804009,1
15571002,1
15724663,1
15737521,1
15697214,1
15572021,1
15589975,1
15726466,1
15777352,1
15730657,1
15719649,1
15714658,1
15714240,1
15699637,1
15684512,1
15748696,1
15627042,1
15594898,1
15642022,1
15614934,1
15647782,1
15808971,1
15715079,1
15684367,1
15749050,1
15634281,1
15575438,1
15807768,1
15697201,1
15678720,1
15623668,1
15682048,1
15669987,1
15597945,1
15632210,1
15679531,1
15707362,1
15689351,1
15677828,1
15724863,1
15710527,1
15586425,1
15763063,1
15638003,1
15640418,1
15577078,1
15757931,1
15738181,1
15636820,1
15712903,1
15718064,1
15613854,1
15783029,1
15713843,1
15767954,1
15692408,1
15734312,1
15719856,1
15762455,1
15718588,1
15681562,1
15693764,1
15647311,1
15755642,1
15790247,1
15806688,1
15711572,1
15732987,1
15815259,1
15643042,1
15594917,1
15797227,1
15812324,1
15570485,1
15642544,1
15583462,1
15598162,1
15603035,1
15754443,1
15601569,1
15737509,1
15707110,1
15753719,1
15776229,1
15581736,1
15705512,1
15567893,1
15586029,1
15763874,1
15627195,1
15602844,1
15763055,1
15713463,1
15600258,1
15631756,1
15727696,1
15713532,1
15573171,1
15627854,1
15628034,1
15704340,1
15629846,1
15623828,1
15601184,1
15796480,1
15793478,1
15749951,1
15690332,1
15620000,1
15648721,1
15711716,1
15701160,1
15678374,1
15584532,1
15643696,1
15762605,1
15775880,1
15632079,1
15737795,1
15625501,1
15741417,1
15662758,1
15668580,1
15596011,1
15748068,1
15664521,1
15606836,1
15658486,1
15814430,1
15667742,1
15794493,1
15711219,1
15618750,1
15724127,1
15757521,1
15775663,1
15717426,1
15656322,1
15690733,1
15713621,1
15592751,1
15727177,1
15644977,1
15728006,1
15718454,1
15688644,1
15686941,1
15603082,1
15801277,1
15656683,1
15591248,1
15813144,1
15676353,1
15617082,1
15748352,1
15626787,1
15601030,1
15780870,1
15660263,1
15662291,1
15667438,1
15642934,1
15767339,1
15666856,1
15693259,1
15730076,1
15596021,1
15675749,1
15779174,1
15573086,1
15692929,1
15800806,1
15569503,1
15614220,1
15578238,1
15785819,1
15756901,1
15737071,1
15635396,1
15620750,1
15809178,1
15609083,1
15614716,1
15615991,1
15705515,1
15805463,1
15691387,1
15630617,1
15813697,1
15694404,1
15643752,1
15706365,1
15799924,1
15739054,1
15765518,1
15776844,1
15642468,1
15686670,1
15719991,1
15596181,1
15626008,1
15642726,1
15631813,1
15594576,1
15793842,1
15732476,1
15666252,1
15591286,1
15717879,1
15640034,1
15724423,1
15632609,1
15801788,1
15668695,1
15728564,1
15667602,1
15705620,1
15611318,1
15660429,1
15643330,1
15687903,1
15638487,1
15703177,1
15661528,1
15813917,1
15743067,1
15815560,1
15602405,1
15585255,1
15633944,1
15585133,1
15712960,1
15620746,1
15626042,1
15719809,1
15608916,1
15750264,1
15618225,1
15673570,1
15652658,1
15569626,1
15677173,1
15736495,1
15804211,1
15613630,1
15734628,1
15603830,1
15680901,1
15684196,1
15803121,1
15797905,1
15735968,1
15676707,1
15760456,1
15574947,1
15747647,1
15593694,1
15613319,1
15745452,1
15611315,1
15686913,1
15736078,1
15717138,1
15716000,1
15611599,1
15666197,1
15664849,1
15801152,1
15800703,1
15641782,1
15679909,1
15643487,1
15723907,1
15797160,1
15734970,1
15648967,1
15780925,1
15813871,1
15720110,1
15692137,1
15592000,1
15633260,1
15674727,1
15619955,1
15617538,1
15658716,1
15595036,1
15746802,1
15585853,1
15615457,1
15629739,1
15574858,1
15574480,1
15759387,1
15797748,1
15804052,1
15815615,1
15807335,1
15755239,1
15698271,1
15577751,1
15663939,1
15740404,1
15627517,1
15591577,1
15809837,1
15695679,1
15602043,1
15710012,1
15660271,1
15797665,1
15650391,1
15758901,1
15622833,1
15722765,1
15687372,1
15706071,1
15706223,1
15590146,1
15591130,1
15600280,1
15632977,1
15675450,1
15654379,1
15685226,1
15619514,1
15697460,1
15639530,1
15638774,1
15617252,1
15581626,1
15672905,1
15717489,1
15728829,1
15779414,1
15688563,1
15766047,1
15719779,1
15636478,1
15574842,1
15804721,1
15569410,1
15597385,1
15704053,1
15636624,1
15675626,1
15609824,1
15728043,1
15665129,1
15603665,1
15624528,1
15777708,1
15706185,1
15732903,1
15681220,1
15709928,1
15741921,1
15644446,1
15707674,1
15647725,1
15677336,1
15640922,1
15733032,1
15722991,1
15754526,1
15723053,1
15651280,1
15617934,1
15785350,1
15680767,1
15765902,1
15651554,1
15653595,1
15678779,1
15689044,1
15744398,1
15577313,1
15660871,1
15796569,1
15815660,1
15582129,1
15741078,1
15671987,1
15638231,1
15614740,1
15775741,1
15593510,1
15566295,1
15734942,1
15701319,1
15756954,1
15687431,1
15693526,1
15775293,1
15695197,1
15608406,1
15796993,1
15674932,1
15631848,1
15704586,1
15791030,1
15579781,1
15802560,1
15738291,1
15603481,1
15649239,1
15675185,1
15726358,1
15792726,1
15773071,1
15606115,1
15750299,1
15569807,1
15735799,1
15805303,1
15786170,1
15701439,1
15783955,1
15643056,1
15674254,1
15762799,1
15732704,1
15748608,1
15800805,1
15770811,1
15801414,1
15629010,1
15792222,1
15679770,1
15800856,1
15758510,1
15751137,1
15749004,1
15566735,1
15574169,1
15704844,1
15645942,1
15649668,1
15713379,1
15637428,1
15588090,1
15788025,1
15659931,1
15725698,1
15674526,1
15761487,1
15751926,1
15636767,1
15634896,1
15640280,1
15709994,1
15605130,1
15580682,1
15597739,1
15668270,1
15578369,1
15764021,1
15738715,1
15804064,1
15598275,1
15662294,1
15722965,1
15757628,1
15746553,1
15573876,1
15805523,1
15625761,1
15781465,1
15765311,1
15741032,1
15615938,1
15792004,1
15648951,1
15672152,1
15752838,1
15751022,1
15565879,1
15729087,1
15791174,1
15791743,1
15685243,1
15767231,1
15750602,1
15801904,1
15746076,1
15690492,1
15633525,1
15811947,1
15797964,1
15713596,1
15632669,1
15569590,1
15700864,1
15732563,1
15583748,1
15702337,1
15756824,1
15660735,1
15738835,1
15762927,1
15775206,1
15593283,1
15660679,1
15648989,1
15722322,1
15724296,1
15581840,1
15645600,1
15722479,1
15685947,1
15658852,1
15648702,1
15784736,1
15746695,1
15785899,1
15698184,1
15672610,1
15757646,1
15787014,1
15681878,1
15613102,1
15768566,1
15678317,1
15622518,1
15802741,1
15778219,1
15722072,1
15589805,1
15622370,1
15701318,1
15583278,1
15570073,1
15673599,1
15758039,1
15754267,1
15792989,1
15775803,1
15724307,1
15665963,1
15651955,1
15573599,1
15620751,1
15774258,1
15703563,1
15583764,1
15569976,1
15656005,1
15630321,1
15592846,1
15638159,1
15577398,1
15773512,1
15755978,1
15608166,1
15752507,1
15801441,1
15667190,1
15680517,1
15625141,1
15749528,1
15697100,1
15711455,1
15683977,1
15671591,1
15725660,1
15600110,1
15815530,1
15806956,1
15772009,1
15746451,1
15669887,1
15733303,1
15586183,1
15682778,1
15576156,1
15568834,1
15716608,1
15574608,1
15671137,1
15665629,1
15805151,1
15621205,1
15712877,1
15653251,1
15666633,1
15607176,1
15704770,1
15681332,1
15706587,1
15699095,1
15763859,1
15641655,1
15567431,1
15723950,1
15671609,1
15769504,1
15760924,1
15756472,1
15676966,1
15671804,1
15783541,1
15774224,1
15604345,1
15707138,1
15693264,1
15659677,1
15739972,1
15771535,1
15570508,1
15673439,1
15636572,1
15649292,1
15765322,1
15780038,1
15709412,1
15654390,1
15630328,1
15589358,1
15762803,1
15615624,1
15753337,1
15799641,1
15638257,1
15694566,1
15632665,1
15606554,1
15787222,1
15716605,1
15724334,1
15717156,1
15715345,1
15762268,1
15690209,1
15626806,1
15624781,1
15569079,1
15770030,1
15761763,1
15628170,1
15609998,1
15706200,1
15778526,1
15640667,1
15789936,1
15693893,1
15603741,1
15621893,1
15692744,1
15683503,1
15789941,1
15581700,1
15662085,1
15735221,1
15624510,1
15694209,1
15752534,1
15734765,1
15632816,1
15791513,1
15738150,1
15590637,1
15780411,1
15747014,1
15711834,1
15647333,1
15688637,1
15761497,1
15623712,1
15587676,1
15626983,1
15772896,1
15695129,1
15678206,1
15809137,1
15666055,1
15667938,1
15713632,1
15640268,1
15716420,1
15770309,1
15803078,1
15747980,1
15611338,1
15610056,1
15700964,1
15713853,1
15753229,1
15671334,1
15718507,1
15603088,1
15769451,1
15567335,1
15699772,1
15792649,1
15682914,1
15638882,1
15591135,1
15628558,1
15568748,1
15804962,1
15775042,1
15737732,1
15608968,1
15642579,1
15631436,1
15631310,1
15698028,1
15809736,1
15600832,1
15706537,1
15770631,1
15789014,1
15574012,1
15589431,1
15711062,1
15577970,1
15762198,1
15710450,1
15755330,1
15759274,1
15757821,1
15702377,1
15654964,1
15766649,1
15640865,1
15752508,1
15702061,1
15790267,1
15668309,1
15796313,1
15598161,1
15723894,1
15623196,1
15612358,1
15760865,1
15774250,1
15720929,1
15656627,1
15787174,1
15699753,1
15700046,1
15644501,1
15707199,1
15568562,1
15740557,1
15627360,1
15667460,1
15669741,1
15803365,1
15694192,1
15710687,1
15709256,1
15583392,1
15725772,1
15674206,1
15623989,1
15609160,1
15598046,1
15788634,1
15648320,1
15732293,1
15589589,1
15780142,1
15702095,1
15731327,1
15593773,1
15651533,1
15655632,1
15655298,1
15698664,1
15688868,1
15676715,1
15777923,1
15738936,1
15635502,1
15760861,1
15588350,1
15695699,1
15810878,1
15690182,1
15751193,1
15626233,1
15711901,1
15667751,1
15723671,1
15733842,1
15767818,1
15711181,1
15591552,1
15755223,1
15657342,1
15742358,1
15640686,1
15770039,1
15737169,1
15575748,1
15580805,1
15656597,1
15671934,1
15731569,1
15791944,1
15770214,1
15674991,1
15786153,1
15725511,1
15779744,1
15680918,1
15709621,1
15630195,1
15776494,1
15743153,1
15738785,1
15589437,1
15713160,1
15600173,1
15583212,1
15721047,1
15608387,1
15740147,1
15734626,1
15633834,1
15701524,1
15583755,1
15706170,1
15786680,1
15670943,1
15758171,1
15592028,1
15761692,1
15793856,1
15610156,1
15704581,1
15739592,1
15762902,1
15593622,1
15759684,1
15574071,1
15639590,1
15727317,1
15665374,1
15607278,1
15575417,1
15687688,1
15628950,1
15631406,1
15571995,1
15588839,1
15565878,1
15802617,1
15764661,1
15614962,1
15658306,1
15772573,1
15738672,1
15583580,1
15716218,1
15632050,1
15622182,1
15801915,1
15806771,1
15729832,1
15637110,1
15584091,1
15639004,1
15772423,1
15772329,1
15684103,1
15717056,1
15758081,1
15636541,1
15761717,1
15677369,1
15726720,1
15771702,1
15583033,1
15697360,1
15763579,1
15737080,1
15662238,1
15599211,1
15716082,1
15774262,1
15657085,1
15601811,1
15613656,1
15606601,1
15642291,1
15689294,1
15628274,1
15672574,1
15755868,1
15576615,1
15811588,1
15723604,1
15761286,1
15701206,1
15771580,1
15804235,1
15758031,1
15764409,1
15686936,1
15612140,1
15647191,1
15688059,1
15687558,1
15798824,1
15592389,1
15758813,1
15567802,1
15765297,1
15588123,1
15643439,1
15815420,1
15707559,1
15576517,1
15658485,1
15781702,1
15652782,1
15691874,1
15591550,1
15688264,1
15677112,1
15685872,1
15709004,1
15590623,1
15574761,1
15762729,1
15784526,1
15669957,1
15577999,1
15787602,1
15797751,1
15630363,1
15575024,1
15687634,1
15632850,1
15592578,1
15623644,1
15575243,1
15698462,1
15637599,1
15627352,1
15657439,1
15800524,1
15664227,1
15702656,1
15785373,1
15721582,1
15781989,1
15613923,1
15720511,1
15693376,1
15706463,1
15573741,1
15765643,1
15752650,1
15615096,1
15642004,1
15651272,1
15677135,1
15757811,1
15666096,1
15715031,1
15674148,1
15715527,1
15808851,1
15644296,1
15743545,1
15593241,1
15586517,1
15740160,1
15812616,1
15660301,1
15759067,1
15709941,1
15770041,1
15661745,1
15702175,1
15606177,1
15631159,1
15693817,1
15592994,1
15630661,1
15622507,1
15769596,1
15802809,1
15765537,1
15720687,1
15599272,1
15690589,1
15632439,1
15698792,1
15566740,1
15656822,1
15605950,1
15591150,1
15576760,1
15785490,1
15812482,1
15686909,1
15602909,1
15690678,1
15705918,1
15569571,1
15671139,1
15750921,1
15643826,1
15693200,1
15776947,1
15787756,1
15666652,1
15808566,1
15813681,1
15802106,1
15807239,1
15788556,1
15685564,1
15652469,1
15772250,1
15716501,1
15762138,1
15631189,1
15702430,1
15730469,1
15776921,1
15704771,1
15644400,1
15726832,1
15762716,1
15740406,1
15737414,1
15696355,1
15644692,1
15775234,1
15804072,1
15782659,1
15801934,1
15748481,1
15774551,1
15632143,1
15807432,1
15565996,1
15781298,1
15773260,1
15689514,1
15665521,1
15572356,1
15812184,1
15572158,1
15733883,1
15783522,1
15724890,1
15745605,1
15570947,1
15795586,1
15612109,1
15694349,1
15800295,1
15615012,1
15694601,1
15789955,1
15585100,1
15595324,1
15625942,1
15809227,1
15653773,1
15713983,1
15654238,1
15773789,1
15777893,1
15686302,1
15623649,1
15611794,1
15660602,1
15624755,1
15621031,1
15624993,1
15777060,1
15695632,1
15637646,1
15579131,1
15617617,1
15616745,1
15578251,1
15764343,1
15643865,1
15812241,1
15794875,1
15688963,1
15732266,1
15795878,1
15753895,1
15624072,1
15788686,1
15662098,1
15706729,1
15600692,1
15661821,1
15686964,1
15589348,1
15794048,1
15591169,1
15791316,1
15692918,1
15586931,1
15585451,1
15710553,1
15634551,1
15643770,1
15776824,1
15754012,1
15764922,1
15579262,1
15599024,1
15567991,1
15704788,1
15646521,1
15668629,1
15657139,1
15700826,1
15758372,1
15691910,1
15759872,1
15667046,1
15734649,1
15806511,1
15731478,1
15712938,1
15753102,1
15588928,1
15571121,1
15692671,1
15611551,1
15631800,1
15694677,1
15706904,1
15571816,1
15702566,1
15672499,1
15782236,1
15699911,1
15791991,1
15737971,1
15652693,1
15781689,1
15722993,1
15646196,1
15714575,1
15719898,1
15700394,1
15571756,1
15588449,1
15695846,1
15589698,1
15620111,1
15626012,1
15633648,1
15579914,1
15692575,1
15793331,1
15704081,1
15689661,1
15609623,1
15748552,1
15676091,1
15581229,1
15781272,1
15572956,1
15724719,1
15737888,1
15619087,1
15601383,1
15795224,1
15764174,1
15580935,1
15619801,1
15657228,1
15722090,1
15783083,1
15616529,1
15644753,1
15663263,1
15698246,1
15745012,1
15815043,1
15729359,1
15626135,1
15783026,1
15802368,1
15657317,1
15568032,1
15703763,1
15769312,1
15680046,1
15614137,1
15744919,1
15663234,1
15658240,1
15576022,1
15788539,1
15679738,1
15739803,1
15787529,1
15659800,1
15796957,1
15770995,1
15763194,1
15675176,1
15750772,1
15571221,1
15814268,1
15709368,1
15750410,1
15660200,1
15570205,1
15597914,1
15748499,1
15645095,1
15641480,1
15649418,1
15660417,1
15706647,1
15587647,1
15743570,1
15752816,1
15624343,1
15668460,1
15659325,1
15768163,1
15665802,1
15774179,1
15624729,1
15726931,1
15659305,1
15734610,1
15736534,1
15790093,1
15661249,1
15682541,1
15654519,1
15596136,1
15650933,1
15801699,1
15628674,1
15812982,1
15635752,1
15670646,1
15636551,1
15790689,1
15657449,1
15740356,1
15684934,1
15709639,1
15596713,1
15747974,1
15796813,1
15656263,1
15699029,1
15751333,1
15704014,1
15619045,1
15735632,1
15689612,1
15657540,1
15785980,1
15764654,1
15708193,1
15691323,1
15672754,1
15650086,1
15626948,1
15730038,1
15582591,1
15724321,1
15726484,1
15691004,1
15775192,1
15624437,1
15742607,1
15624667,1
15641413,1
15631681,1
15594084,1
15724099,1
15596962,1
15583681,1
15641114,1
15604348,1
15776211,1
15714634,1
15678333,1
15587596,1
15803654,1
15790067,1
15655574,1
15645200,1
15621550,1
15773322,1
15766887,1
15681506,1
15791373,1
15802071,1
15591010,1
15724536,1
15673372,1
15749671,1
15723008,1
15744717,1
15710034,1
15721383,1
15686776,1
15605333,1
15678725,1
15744046,1
15676645,1
15715715,1
15779247,1
15718773,1
15728352,1
15576706,1
15674620,1
15780514,1
15667265,1
15782939,1
15769346,1
15808846,1
15704987,1
15792453,1
15772601,1
15810010,1
15633840,1
15642391,1
15699550,1
15603065,1
15693267,1
15602994,1
15722845,1
15647890,1
15668289,1
15627262,1
15748432,1
15777892,1
15638730,1
15776733,1
15645815,1
15613713,1
15756425,1
15710726,1
15782418,1
15600974,1
15800814,1
15772341,1
15694444,1
15730044,1
15732832,1
15813095,1
15804038,1
15696506,1
15762708,1
15608541,1
15581370,1
15601589,1
15615140,1
15669516,1
15633586,1
15718944,1
15611973,1
15569917,1
15586629,1
15679611,1
15773804,1
15633574,1
15684960,1
15773868,1
15676513,1
15580845,1
15713440,1
15779497,1
15788659,1
15738166,1
15596575,1
15736043,1
15782879,1
15633474,1
15800554,1
15631481,1
15803840,1
15800583,1
15709117,1
15795079,1
15670343,1
15724876,1
15663441,1
15580227,1
15739850,1
15609475,1
15627697,1
15814040,1
15725665,1
15815236,1
15793671,1
15812197,1
15630709,1
15729908,1
15569178,1
15705009,1
15807473,1
15778345,1
15704763,1
15697045,1
15649536,1
15697510,1
15742297,1
15595883,1
15614215,1
15764726,1
15607713,1
15686461,1
15677955,1
15631639,1
15641604,1
15755262,1
15776128,1
15698324,1
15753110,1
15709199,1
15714485,1
15660144,1
15686345,1
15662884,1
15751524,1
15690958,1
15734917,1
15791533,1
15712584,1
15578156,1
15636089,1
15684440,1
15654230,1
15641158,1
15793346,1
15708196,1
15664339,1
15614302,1
15669219,1
15785611,1
15771299,1
15780220,1
15627002,1
15771997,1
15639946,1
15606613,1
15750099,1
15775905,1
15703068,1
15592461,1
15724443,1
15694852,1
15596165,1
15783097,1
15795290,1
15701074,1
15647111,1
15614213,1
15785183,1
15656333,1
15623858,1
15610936,1
15765732,1
15707025,1
15583371,1
15693771,1
15770424,1
15734850,1
15591107,1
15810218,1
15778149,1
15641122,1
15757897,1
15693088,1
15693690,1
15605827,1
15677804,1
15717164,1
15614420,1
15721504,1
15671915,1
15692002,1
15724161,1
15608845,1
15752137,1
15651336,1
15756538,1
15783882,1
15691457,1
15655360,1
15753591,1
15588446,1
15632275,1
15658233,1
15766137,1
15763327,1
15731148,1
15719579,1
15651823,1
15597131,1
15781586,1
15722473,1
15806880,1
15805909,1
15789863,1
15708505,1
15587421,1
15645353,1
15599829,1
15814536,1
15627395,1
15727021,1
15793425,1
15785920,1
15602812,1
15765982,1
15733261,1
15755649,1
15718039,1
15572728,1
15584338,1
15718153,1
15704681,1
15685329,1
15713826,1
15584899,1
15726313,1
15749557,1
15663252,1
15624471,1
15596647,1
15681075,1
15573851,1
15807663,1
15706268,1
